insert into state (id, title) values
(1, 'Созданная'), (2, 'Назначенная'), (3, 'Решеная');

insert into type_msg (id, title) values
(1, 'Внутренняя заметка'), (2, 'Email сообщение');

insert into category (title) values
('Принтер'), ('Сканер'), ('Windows'), ('Почта'), ('Роутер'), ('Специализированное ПО');

insert into customer (title, date_start, date_stop) values
('Рога и копыта', '2000-01-01', '2020-12-31'), 
('Василий и Ко', '2019-02-25', NULL),
('Macrosoft-Russia', '2019-12-30', '2020-05-31');

insert into priority (title) values
('Высокий'), ('Средний'), ('Низкий');

insert into group_responsible (id, title) values
(1, 'Первая линия поддержки'), 
(2, 'Вторая линия поддержки'), 
(3, 'Третья линия поддержки');

insert into responsible (first_name, last_name, group_responsible_id, email, phone) values
('Иванов', 'Иван', 1, 'a@a.ru', '79991234567'),
('Иванов', 'Петр', 1, 'b@a.ru', '79881234567'),
('Семенов', 'Семен', 2, 'c@a.ru', '79771234567'),
('Семенов', 'Артем', 2, 'd@a.ru', '79661234567'),
('Петров', 'Василий', 3, 'e@a.ru', '79551234567'),
('Петрова', 'Мария', 3, 'f@a.ru', '79441234567');

INSERT INTO `files` (`id`, `name`, `patch`) VALUES ('1', 'molestias', 'java/');
INSERT INTO `files` (`id`, `name`, `patch`) VALUES ('2', 'illum', 'djv/');
INSERT INTO `files` (`id`, `name`, `patch`) VALUES ('3', 'ipsam', 'xap/');
INSERT INTO `files` (`id`, `name`, `patch`) VALUES ('4', 'eos', 'xlsx/');
INSERT INTO `files` (`id`, `name`, `patch`) VALUES ('5', 'omnis', 'dfac/');
INSERT INTO `files` (`id`, `name`, `patch`) VALUES ('6', 'quae', 'aac/');
INSERT INTO `files` (`id`, `name`, `patch`) VALUES ('7', 'suscipit', 'org/');
INSERT INTO `files` (`id`, `name`, `patch`) VALUES ('8', 'pariatur', 'emma/');
INSERT INTO `files` (`id`, `name`, `patch`) VALUES ('9', 'assumenda', 'mpy/');
INSERT INTO `files` (`id`, `name`, `patch`) VALUES ('10', 'similique', 'tr/');

INSERT INTO `work_details` (`id`, `responsible_id`, `created_time`, `type_msg_id`, `message`, `file_id`) VALUES ('1', '1', '1970-02-23 11:53:19', '1', 'Vitae et at ut. Ab quos tenetur earum et repellat aut qui. Commodi dolorum fugiat voluptas nihil voluptate quibusdam asperiores.', '1');
INSERT INTO `work_details` (`id`, `responsible_id`, `created_time`, `type_msg_id`, `message`, `file_id`) VALUES ('2', '2', '1995-12-23 13:41:50', '2', 'Temporibus sed omnis rerum et natus eum. Autem in id sint quas est praesentium provident. Alias quia aspernatur aperiam vel et quisquam.', '2');
INSERT INTO `work_details` (`id`, `responsible_id`, `created_time`, `type_msg_id`, `message`, `file_id`) VALUES ('3', '3', '2018-11-18 07:21:13', '1', 'Ullam et occaecati ut amet ipsa et rerum in. Molestiae modi aliquam quam illo dignissimos. Laborum aliquam est asperiores repellat aut est consequuntur.', '3');
INSERT INTO `work_details` (`id`, `responsible_id`, `created_time`, `type_msg_id`, `message`, `file_id`) VALUES ('4', '4', '2007-12-19 17:49:11', '2', 'Et ipsa molestiae facere sint qui. Voluptatem porro quibusdam molestiae dolores debitis explicabo qui. Ea veniam voluptatum deserunt reiciendis.', '4');
INSERT INTO `work_details` (`id`, `responsible_id`, `created_time`, `type_msg_id`, `message`, `file_id`) VALUES ('5', '5', '1975-07-06 09:11:26', '1', 'Eaque voluptas corrupti repudiandae. Dolores ab ut blanditiis voluptas pariatur ipsa quis ad. Impedit animi beatae aut eius dolore ullam.', '5');
INSERT INTO `work_details` (`id`, `responsible_id`, `created_time`, `type_msg_id`, `message`, `file_id`) VALUES ('6', '6', '1979-10-05 04:31:08', '2', 'Sunt eum illo reiciendis non qui. Voluptates dolorem quis delectus enim quia sapiente quis. Perferendis quod rem eaque vero aliquam. Odio provident repellendus atque quibusdam eaque illo.', '6');
INSERT INTO `work_details` (`id`, `responsible_id`, `created_time`, `type_msg_id`, `message`, `file_id`) VALUES ('7', '1', '1970-11-22 00:34:52', '1', 'Quia consectetur similique velit. Nulla ea assumenda ratione aliquam esse eaque ullam. A magnam minus id quo explicabo dolore tempore. Sit quia ipsa ut dolor quia.', '7');
INSERT INTO `work_details` (`id`, `responsible_id`, `created_time`, `type_msg_id`, `message`, `file_id`) VALUES ('8', '2', '2007-12-11 04:35:44', '2', 'Culpa voluptatum ipsa quo. Quibusdam ea nobis et. Amet omnis eum neque magnam. Officiis rerum totam quidem voluptatem tempore itaque in.', '8');
INSERT INTO `work_details` (`id`, `responsible_id`, `created_time`, `type_msg_id`, `message`, `file_id`) VALUES ('9', '3', '2005-03-12 18:20:56', '1', 'Ipsum ut et veniam et ut facilis quia dolore. Ab voluptate quam ut quibusdam delectus quis. Eius fugit accusantium possimus sit. Sequi ullam et illum ut repudiandae.', '9');
INSERT INTO `work_details` (`id`, `responsible_id`, `created_time`, `type_msg_id`, `message`, `file_id`) VALUES ('10', '4', '1994-01-02 12:19:28', '2', 'Eum sint dolor modi eligendi laudantium qui et. Laborum magnam dignissimos expedita voluptatibus. Expedita rerum veritatis unde repellendus nesciunt est eligendi earum.', '10');


INSERT INTO `incident` (`id`, `customer_id`, `topic`, `description`, `created_date`, `priority_id`, `group_responsible_id`, `responsible_id`, `state_id`, `decision`, `category_id`, `work_details_id`) VALUES ('1', '1', 'Ab esse saepe vel qui modi. In ab eos harum ut exe', 'Aut aut ea totam est quo. Porro ut eos ut veritatis animi officiis consectetur mollitia. Incidunt consequatur est delectus non perferendis quos. Reiciendis ut voluptatem eveniet.', '2000-08-06 05:53:18', '1', '1', '1', '1', 'Quidem et nemo itaque qui accusantium. Maxime magni possimus dolores praesentium nesciunt sed iste. Accusamus ut ut eveniet accusantium non ipsum nihil.', '1', NULL);
INSERT INTO `incident` (`id`, `customer_id`, `topic`, `description`, `created_date`, `priority_id`, `group_responsible_id`, `responsible_id`, `state_id`, `decision`, `category_id`, `work_details_id`) VALUES ('2', '2', 'Quo aliquam qui quis suscipit sed. Aperiam aut acc', 'Hic dolor aut soluta eum sunt numquam molestiae. Fugit exercitationem numquam rerum sed expedita est sequi. Distinctio saepe sit temporibus consequatur est id voluptatem. Doloremque praesentium omnis architecto quidem quo ratione. Laborum rerum expedita n', '1995-02-01 13:47:20', '2', '2', '2', '2', 'Aut doloremque eius magni. Sunt sit voluptas qui odit veniam. Dolore sit in occaecati autem. Incidunt amet similique hic et quia quas dignissimos.', '2', NULL);
INSERT INTO `incident` (`id`, `customer_id`, `topic`, `description`, `created_date`, `priority_id`, `group_responsible_id`, `responsible_id`, `state_id`, `decision`, `category_id`, `work_details_id`) VALUES ('3', '3', 'Non reprehenderit quia et enim rerum esse sequi. A', 'Placeat neque assumenda assumenda nisi fugit voluptates tempora. Ipsam ut esse voluptatibus. Non et eum enim nobis consequatur.', '1976-01-05 04:54:10', '3', '3', '3', '3', 'Ex animi deserunt et excepturi occaecati quisquam. Quod nihil maxime in id. Nesciunt fuga quidem repudiandae.', '3', NULL);
INSERT INTO `incident` (`id`, `customer_id`, `topic`, `description`, `created_date`, `priority_id`, `group_responsible_id`, `responsible_id`, `state_id`, `decision`, `category_id`, `work_details_id`) VALUES ('4', '1', 'Nisi ipsa adipisci asperiores laudantium quis expl', 'Velit in expedita eos dolor veniam aut. Nesciunt id eum eligendi. Et laborum alias aut consequatur harum a.', '2010-08-21 00:17:01', '1', '1', '4', '1', 'Esse repellat repudiandae repellat. Consequatur illo quia necessitatibus laboriosam id minima fugit. Et quas voluptas ducimus odio aut accusantium beatae.', '4', NULL);
INSERT INTO `incident` (`id`, `customer_id`, `topic`, `description`, `created_date`, `priority_id`, `group_responsible_id`, `responsible_id`, `state_id`, `decision`, `category_id`, `work_details_id`) VALUES ('5', '2', 'Odit ut eos est facilis. Dolorum eos dignissimos c', 'Saepe non totam provident omnis dolor iste. Autem itaque consequatur vel magni aut modi. Odio nihil fugiat quidem dicta possimus eos. Facilis et dolore modi. Tenetur numquam et quia.', '1971-08-28 11:51:11', '2', '2', '5', '2', 'Et sed iure voluptates dolore at eum et. Sapiente rerum maiores amet ipsa qui ullam. Dolorem nisi ab itaque rerum ad adipisci.', '5', NULL);
INSERT INTO `incident` (`id`, `customer_id`, `topic`, `description`, `created_date`, `priority_id`, `group_responsible_id`, `responsible_id`, `state_id`, `decision`, `category_id`, `work_details_id`) VALUES ('6', '3', 'Voluptates consectetur recusandae quo nemo adipisc', 'Maiores et consequatur sequi nostrum nemo explicabo. Nesciunt possimus vitae in et ab commodi accusamus. Pariatur odio repellat sit fuga provident.', '1971-12-15 11:25:23', '3', '3', '6', '3', 'Debitis repellendus sit nostrum harum praesentium. Molestiae ad nemo consequuntur consequuntur. Velit exercitationem unde pariatur fuga incidunt ea.', '6', 1);
INSERT INTO `incident` (`id`, `customer_id`, `topic`, `description`, `created_date`, `priority_id`, `group_responsible_id`, `responsible_id`, `state_id`, `decision`, `category_id`, `work_details_id`) VALUES ('7', '1', 'Error ratione et cupiditate aut. Amet rerum ipsam ', 'Quas aut molestiae ad placeat voluptatem amet. Dolorem quod quas id vero consequuntur sit. Cupiditate magni deserunt facilis sit hic earum natus.', '1983-06-25 09:13:55', '1', '1', '1', '1', 'Eius occaecati quia aut nostrum nesciunt eligendi. Et rerum eveniet aut nulla. Illum dolor at excepturi libero suscipit nisi qui. Illum sit minima voluptas voluptas repudiandae tenetur et.', '1', NULL);
INSERT INTO `incident` (`id`, `customer_id`, `topic`, `description`, `created_date`, `priority_id`, `group_responsible_id`, `responsible_id`, `state_id`, `decision`, `category_id`, `work_details_id`) VALUES ('8', '2', 'Voluptates ducimus voluptas neque quia expedita si', 'Et et quidem magni et. Omnis debitis aperiam totam amet. Quisquam vel ut in ut nihil officia voluptatem. Dolorem sit eligendi aliquid et. At qui eos unde architecto dolorum est expedita ex.', '2018-12-28 23:16:35', '2', '2', '2', '2', 'Nisi esse mollitia odio recusandae non ipsam molestiae. Consequatur assumenda et recusandae voluptas ea ut non. Quaerat dolorem ipsam laborum fugit porro excepturi consectetur magni.', '2', NULL);
INSERT INTO `incident` (`id`, `customer_id`, `topic`, `description`, `created_date`, `priority_id`, `group_responsible_id`, `responsible_id`, `state_id`, `decision`, `category_id`, `work_details_id`) VALUES ('9', '3', 'Natus accusamus voluptas similique. Reiciendis dic', 'Quisquam mollitia quod est nemo aperiam sed repellat sed. Voluptas delectus quia fugit perspiciatis enim. Quia asperiores voluptatibus debitis et. Dolores molestiae alias facere ut.', '1978-01-06 22:15:16', '3', '3', '3', '3', 'Repellendus ea et ea est et tempore tempora. Qui harum officia cum saepe. Et dignissimos necessitatibus dicta et. Consequatur ut ut quos.', '3', 2);
INSERT INTO `incident` (`id`, `customer_id`, `topic`, `description`, `created_date`, `priority_id`, `group_responsible_id`, `responsible_id`, `state_id`, `decision`, `category_id`, `work_details_id`) VALUES ('10', '1', 'Sit ut ducimus hic ut dicta error. Ducimus ipsa eo', 'Est quia molestiae magni quod voluptatibus commodi eos occaecati. Doloribus vel qui ipsum odit numquam qui. Quod hic accusamus aut laudantium facilis reprehenderit.', '2017-12-30 21:34:13', '1', '1', '4', '1', 'Dolorem est provident dolor id nemo aliquid. Harum eum ullam similique consequatur ex sit sapiente. Et ut fugiat eius praesentium et repellendus neque rerum.', '4', NULL);
INSERT INTO `incident` (`id`, `customer_id`, `topic`, `description`, `created_date`, `priority_id`, `group_responsible_id`, `responsible_id`, `state_id`, `decision`, `category_id`, `work_details_id`) VALUES ('11', '2', 'Explicabo aut aut ex velit error. Fuga molestiae n', 'Impedit possimus sed vel esse nulla ducimus assumenda. Et quia corporis nesciunt et et. Ut rerum nobis error fugiat modi ullam quam. Mollitia est occaecati voluptatum aut rerum. Suscipit accusamus voluptatibus deleniti eos odit.', '2017-01-17 17:38:04', '2', '2', '5', '2', 'Ipsa dolores aut dicta quo accusamus sint quo. Ut laudantium a et tenetur. Voluptas autem necessitatibus similique et in.', '5', NULL);
INSERT INTO `incident` (`id`, `customer_id`, `topic`, `description`, `created_date`, `priority_id`, `group_responsible_id`, `responsible_id`, `state_id`, `decision`, `category_id`, `work_details_id`) VALUES ('12', '3', 'Eveniet pariatur et dolore alias cumque. Voluptas ', 'Fuga corrupti nam iste voluptatem. Dolorem minima unde sed. Eaque aut qui illum pariatur ipsam nesciunt id.', '1978-02-24 10:24:25', '3', '3', '6', '3', 'Voluptatum id dolorem ut nesciunt. Qui sed voluptatibus praesentium qui nostrum nam iure. Tenetur enim ut voluptas sunt voluptatum corrupti voluptatum. Aut officiis similique autem iure magnam atque.', '6', 3);
INSERT INTO `incident` (`id`, `customer_id`, `topic`, `description`, `created_date`, `priority_id`, `group_responsible_id`, `responsible_id`, `state_id`, `decision`, `category_id`, `work_details_id`) VALUES ('13', '1', 'Repellat laboriosam consequuntur quia omnis est es', 'Molestiae nulla illo omnis est enim minima quas. Earum vitae quae dolore. Architecto expedita aperiam consequatur quis vero.', '2013-05-30 23:32:34', '1', '1', '1', '1', 'Ut et aut vel quia molestiae. Aliquam error at facilis totam. Et voluptatem eaque aut alias ipsa rem excepturi.', '1', NULL);
INSERT INTO `incident` (`id`, `customer_id`, `topic`, `description`, `created_date`, `priority_id`, `group_responsible_id`, `responsible_id`, `state_id`, `decision`, `category_id`, `work_details_id`) VALUES ('14', '2', 'Molestias ratione eaque aspernatur laborum et. Nam', 'Eligendi debitis et illum odit est veniam ut natus. Est fugit aut in voluptates. Error voluptatum maiores maiores aut consequatur laboriosam. In ut quis natus et sunt ab.', '1970-06-10 05:31:21', '2', '2', '2', '2', 'Molestiae minus illum aliquam. Ut iste enim possimus velit aut id. Officia atque temporibus voluptas ullam. Fugit inventore ex enim aliquam ut.', '2', NULL);
INSERT INTO `incident` (`id`, `customer_id`, `topic`, `description`, `created_date`, `priority_id`, `group_responsible_id`, `responsible_id`, `state_id`, `decision`, `category_id`, `work_details_id`) VALUES ('15', '3', 'Illum quis tempora recusandae deleniti est labore.', 'Sint nemo est accusantium voluptas nihil. Omnis officia fugiat doloribus quos veniam. Facere neque voluptas explicabo qui. Animi mollitia non recusandae corrupti quia.', '1974-01-05 13:34:17', '3', '3', '3', '3', 'Sunt dolores consequatur tempora est et rem dolorum. Numquam sint animi qui sapiente explicabo ipsa dolorem. Beatae quis non nostrum qui.', '3', NULL);
INSERT INTO `incident` (`id`, `customer_id`, `topic`, `description`, `created_date`, `priority_id`, `group_responsible_id`, `responsible_id`, `state_id`, `decision`, `category_id`, `work_details_id`) VALUES ('16', '1', 'Ea et eligendi voluptatum enim omnis libero except', 'Sunt fugit expedita ipsum ullam. Molestiae repellendus maxime doloremque. Est sit doloremque id omnis. Doloribus minima quae sit.', '1982-06-18 12:44:16', '1', '1', '4', '1', 'Aut tempora quasi et provident beatae eaque. Id corporis non et voluptatem recusandae velit. Odio repellat illum placeat ipsa quia ut voluptates.', '4', 4);
INSERT INTO `incident` (`id`, `customer_id`, `topic`, `description`, `created_date`, `priority_id`, `group_responsible_id`, `responsible_id`, `state_id`, `decision`, `category_id`, `work_details_id`) VALUES ('17', '2', 'Tempore sequi dolor blanditiis harum quibusdam inv', 'Incidunt recusandae voluptates doloremque quo voluptate assumenda. Voluptatum aperiam voluptatem tempora nihil aut. Omnis dolorem voluptatem magnam eaque.', '1995-08-06 07:19:44', '2', '2', '5', '2', 'Alias quia laudantium molestiae odit. Ab iure voluptas consequuntur illum vero. Debitis dolores atque perspiciatis ut est et et. Doloremque error optio accusantium qui sapiente.', '5', NULL);
INSERT INTO `incident` (`id`, `customer_id`, `topic`, `description`, `created_date`, `priority_id`, `group_responsible_id`, `responsible_id`, `state_id`, `decision`, `category_id`, `work_details_id`) VALUES ('18', '3', 'Beatae sed rerum consequatur provident molestiae. ', 'Quis ad qui amet. Quo corporis expedita consequatur eos ducimus in. Eos velit omnis qui excepturi molestiae. Voluptatem et cumque rem non aut.', '1988-07-14 03:07:22', '3', '3', '6', '3', 'Rem ea quia quia sequi consequuntur esse mollitia fugiat. Quas voluptatem quasi voluptatem odit soluta.', '6', 5);
INSERT INTO `incident` (`id`, `customer_id`, `topic`, `description`, `created_date`, `priority_id`, `group_responsible_id`, `responsible_id`, `state_id`, `decision`, `category_id`, `work_details_id`) VALUES ('19', '1', 'Et pariatur architecto quas unde minus blanditiis ', 'Qui laudantium quaerat ea voluptatem vel. Delectus et et sit officiis quidem. Harum fuga perferendis dolorem praesentium unde esse.', '1989-10-27 07:35:18', '1', '1', '1', '1', 'Ut consequatur officia ipsum odio repudiandae enim qui quasi. Culpa iusto est voluptatum. Dolorum eos iste quia consectetur ex. Consectetur minus qui est mollitia itaque natus.', '1', NULL);
INSERT INTO `incident` (`id`, `customer_id`, `topic`, `description`, `created_date`, `priority_id`, `group_responsible_id`, `responsible_id`, `state_id`, `decision`, `category_id`, `work_details_id`) VALUES ('20', '2', 'Unde iusto blanditiis id quia. Laborum veritatis d', 'Est quia illo veniam est esse. Voluptates impedit non sunt corrupti aperiam quaerat. Cupiditate veritatis distinctio quia. Autem sit optio dicta id ea nostrum.', '1985-11-06 23:59:19', '2', '2', '2', '2', 'Consequatur ratione itaque aut esse officiis. Voluptatibus rerum qui dolore.', '2', NULL);
INSERT INTO `incident` (`id`, `customer_id`, `topic`, `description`, `created_date`, `priority_id`, `group_responsible_id`, `responsible_id`, `state_id`, `decision`, `category_id`, `work_details_id`) VALUES ('21', '3', 'Vitae quia iusto nisi eveniet. Dolorem quam est is', 'Corrupti voluptates voluptatem minus harum quo. Explicabo est et exercitationem ad aut blanditiis. Et atque vero et dolore nihil recusandae. Nemo sequi alias cum eum doloremque. Non facere optio officia unde amet.', '1998-12-11 11:13:49', '3', '3', '3', '3', 'Ut ea est est repellendus. Architecto magnam numquam rerum. Omnis dolor animi dolore. Odio eum ratione reprehenderit quos rerum reprehenderit.', '3', NULL);
INSERT INTO `incident` (`id`, `customer_id`, `topic`, `description`, `created_date`, `priority_id`, `group_responsible_id`, `responsible_id`, `state_id`, `decision`, `category_id`, `work_details_id`) VALUES ('22', '1', 'Aut deserunt repellat dolore aut voluptas quam. Fa', 'Vel possimus nihil doloremque deleniti. Qui voluptas iusto sit numquam itaque fugit nihil. Voluptatibus dolore quis rerum velit. Molestiae iste dolores excepturi est.', '1971-06-25 20:40:04', '1', '1', '4', '1', 'Voluptas quidem quia repellendus et. Non earum ea quo perspiciatis eum eum ipsum. Inventore reiciendis officia ipsam. Explicabo sapiente numquam non architecto.', '4', NULL);
INSERT INTO `incident` (`id`, `customer_id`, `topic`, `description`, `created_date`, `priority_id`, `group_responsible_id`, `responsible_id`, `state_id`, `decision`, `category_id`, `work_details_id`) VALUES ('23', '2', 'Cum voluptatem corrupti animi et consequatur digni', 'Ut qui quo et eum nesciunt accusantium. Perspiciatis quia aut veniam quidem cupiditate suscipit rerum officia. Accusamus a cum tempore et ut. A explicabo rerum voluptatem in animi. Commodi earum ut necessitatibus expedita et fugit voluptate.', '1977-08-20 20:44:51', '2', '2', '5', '2', 'Accusantium quos totam est laborum soluta optio rerum. Similique amet omnis dolorem facilis facilis et. Quis odit adipisci quisquam dignissimos. Pariatur aliquid non quia.', '5', NULL);
INSERT INTO `incident` (`id`, `customer_id`, `topic`, `description`, `created_date`, `priority_id`, `group_responsible_id`, `responsible_id`, `state_id`, `decision`, `category_id`, `work_details_id`) VALUES ('24', '3', 'Laudantium iure reiciendis et dolores dicta velit ', 'Quam et molestiae facere nisi iste. Saepe qui odio nulla autem dicta blanditiis. Quam quae quod natus nostrum culpa aut dolorum.', '2017-03-24 21:24:20', '3', '3', '6', '3', 'Dolore deleniti sed temporibus nam sit soluta aut. Illo rerum minus ipsam qui exercitationem.\nQui eaque a odit et quo quo. Omnis eos a qui aut animi ab nihil. Rerum ut quis pariatur.', '6', NULL);
INSERT INTO `incident` (`id`, `customer_id`, `topic`, `description`, `created_date`, `priority_id`, `group_responsible_id`, `responsible_id`, `state_id`, `decision`, `category_id`, `work_details_id`) VALUES ('25', '1', 'Quod quia consequatur commodi odit nemo. Est modi ', 'Fugiat tenetur deleniti recusandae id libero unde et. Unde quia magnam beatae quia quae illum ab. Qui ipsa neque nisi architecto unde ex a.', '1992-12-16 00:53:12', '1', '1', '1', '1', 'Voluptas possimus adipisci ratione recusandae eum. Id distinctio tempore voluptate quis dolorem. Et quas aliquid aut ullam quos vitae. Ut quo debitis voluptates ipsa.', '1', NULL);
INSERT INTO `incident` (`id`, `customer_id`, `topic`, `description`, `created_date`, `priority_id`, `group_responsible_id`, `responsible_id`, `state_id`, `decision`, `category_id`, `work_details_id`) VALUES ('26', '2', 'Rerum natus impedit debitis odit et quia. Dolorem ', 'Odio quia nemo nam ut. Harum officiis laborum aut non. Incidunt cupiditate nobis modi eveniet. Ducimus soluta ad saepe est sit excepturi.', '2011-02-27 07:29:59', '2', '2', '2', '2', 'Dicta nulla nobis sunt in exercitationem ea quos. Laborum illum nam iusto alias amet. Dolores sed non tenetur quas labore.', '2', 6);
INSERT INTO `incident` (`id`, `customer_id`, `topic`, `description`, `created_date`, `priority_id`, `group_responsible_id`, `responsible_id`, `state_id`, `decision`, `category_id`, `work_details_id`) VALUES ('27', '3', 'Omnis necessitatibus qui et odit voluptatem eum. E', 'Omnis itaque necessitatibus est assumenda expedita natus tempore. Ut quos magni quia.', '2011-07-31 08:58:56', '3', '3', '3', '3', 'Hic blanditiis sapiente modi maiores. Enim ducimus commodi quia. Ut dolore voluptatem qui qui nam. Eum qui necessitatibus et.', '3', NULL);
INSERT INTO `incident` (`id`, `customer_id`, `topic`, `description`, `created_date`, `priority_id`, `group_responsible_id`, `responsible_id`, `state_id`, `decision`, `category_id`, `work_details_id`) VALUES ('28', '1', 'Dolor et quam eligendi asperiores minima et. Qui c', 'Voluptatibus dolorum et consequuntur ea deleniti facere eum. Dolorum omnis illo provident quibusdam minima. Aut earum possimus commodi. Quia explicabo molestiae vitae autem et eveniet autem.', '2011-01-01 20:42:46', '1', '1', '4', '1', 'Dolorem et ratione odio voluptas nihil qui est inventore. Natus magnam id accusantium voluptatem. Veniam quo et dolorem inventore expedita nam ut ex. Quibusdam nam accusamus veniam vel ab quod et.', '4', NULL);
INSERT INTO `incident` (`id`, `customer_id`, `topic`, `description`, `created_date`, `priority_id`, `group_responsible_id`, `responsible_id`, `state_id`, `decision`, `category_id`, `work_details_id`) VALUES ('29', '2', 'Fuga incidunt quasi eaque odio sunt. Consequuntur ', 'Tenetur qui ipsa tenetur accusantium veniam dignissimos rerum tenetur. Officiis voluptas fuga iusto quisquam eum labore vel quia.', '2012-03-17 05:45:24', '2', '2', '5', '2', 'Sunt dolorum repellendus architecto consequuntur dolorum. Non voluptas mollitia molestias soluta quia totam. Et voluptates voluptas soluta eius sed corporis voluptatem.', '5', 7);
INSERT INTO `incident` (`id`, `customer_id`, `topic`, `description`, `created_date`, `priority_id`, `group_responsible_id`, `responsible_id`, `state_id`, `decision`, `category_id`, `work_details_id`) VALUES ('30', '3', 'Facilis placeat voluptas quis repudiandae. Non vit', 'Vel eligendi voluptas magnam. Enim dignissimos cumque voluptatem. Perspiciatis voluptas architecto ipsam dolores. Corrupti natus maxime qui repudiandae. Nemo nihil facilis eaque ipsam debitis animi aut.', '1999-05-22 01:03:23', '3', '3', '6', '3', 'Sapiente aut reprehenderit non dolorum nam dolores. Dolores quo in modi voluptas non nobis explicabo voluptates. Iste adipisci cupiditate iste iure. Amet nulla et nobis ratione ut veritatis.', '6', NULL);
INSERT INTO `incident` (`id`, `customer_id`, `topic`, `description`, `created_date`, `priority_id`, `group_responsible_id`, `responsible_id`, `state_id`, `decision`, `category_id`, `work_details_id`) VALUES ('31', '1', 'Aut magni dolores eos nam reprehenderit. Corrupti ', 'Quo quas saepe adipisci beatae. Et eius neque neque et aut aut. Inventore in dolore dolorem officia in sed. Dicta occaecati facere porro laboriosam.', '2003-02-20 05:10:01', '1', '1', '1', '1', 'Occaecati eius quas id est. Temporibus blanditiis aspernatur dolorem sunt sint. Aliquid maiores temporibus velit maxime. Perspiciatis aut possimus fuga voluptate dicta.', '1', NULL);
INSERT INTO `incident` (`id`, `customer_id`, `topic`, `description`, `created_date`, `priority_id`, `group_responsible_id`, `responsible_id`, `state_id`, `decision`, `category_id`, `work_details_id`) VALUES ('32', '2', 'Dolorem alias sunt odio pariatur. Ut itaque evenie', 'Dolore excepturi id fugit explicabo. Et numquam qui id dolore dolorum quia nam. Est adipisci non delectus autem aliquam provident minima. Enim fugiat quisquam doloremque pariatur vero consequuntur.', '1974-01-26 13:36:47', '2', '2', '2', '2', 'Id voluptatem dignissimos hic laudantium unde fugiat quod blanditiis. Eos aliquam rerum sed ipsa et autem. Commodi cum magnam eaque nihil dolores commodi sit.', '2', NULL);
INSERT INTO `incident` (`id`, `customer_id`, `topic`, `description`, `created_date`, `priority_id`, `group_responsible_id`, `responsible_id`, `state_id`, `decision`, `category_id`, `work_details_id`) VALUES ('33', '3', 'Et suscipit deleniti ut reiciendis enim qui. Qui q', 'Temporibus culpa eos qui optio velit porro assumenda. Doloribus ut quam voluptatem omnis. Quos similique quo minima eveniet et nemo optio.', '1999-05-12 21:54:51', '3', '3', '3', '3', 'Cumque ullam soluta quia ducimus reiciendis rerum repellat iste. Ab corporis dolorum mollitia. Porro iure laboriosam consequatur.', '3', 8);
INSERT INTO `incident` (`id`, `customer_id`, `topic`, `description`, `created_date`, `priority_id`, `group_responsible_id`, `responsible_id`, `state_id`, `decision`, `category_id`, `work_details_id`) VALUES ('34', '1', 'Minus dolores facere et omnis. Architecto maiores ', 'Culpa quo ipsa adipisci ut inventore. Quas ea doloremque voluptatem ullam adipisci. Velit ut in delectus dolor adipisci nesciunt rerum. Assumenda in rerum quo rem.', '2016-01-13 01:50:10', '1', '1', '4', '1', 'Ut est omnis natus sed officia autem deleniti. Voluptas sit error culpa odio iste quasi consequuntur. Aut sit asperiores blanditiis eos consequatur dolores voluptas.', '4', NULL);
INSERT INTO `incident` (`id`, `customer_id`, `topic`, `description`, `created_date`, `priority_id`, `group_responsible_id`, `responsible_id`, `state_id`, `decision`, `category_id`, `work_details_id`) VALUES ('35', '2', 'Debitis voluptatem nisi et itaque. Nobis voluptate', 'Iure in et omnis omnis voluptatem dolore velit saepe. Ab voluptas magni expedita velit suscipit. Est est labore maxime adipisci perspiciatis dignissimos. Et laboriosam dolorem culpa dolor aliquid. Eius ut similique eum reiciendis perspiciatis ut quod.', '2003-01-09 15:25:06', '2', '2', '5', '2', 'Et tenetur debitis rem molestiae qui aut reprehenderit. Sapiente inventore qui est molestiae ea. Voluptas quas voluptatem voluptatem quo.', '5', NULL);
INSERT INTO `incident` (`id`, `customer_id`, `topic`, `description`, `created_date`, `priority_id`, `group_responsible_id`, `responsible_id`, `state_id`, `decision`, `category_id`, `work_details_id`) VALUES ('36', '3', 'Autem quisquam consequatur beatae iusto harum odio', 'Nesciunt enim necessitatibus qui et quas. Porro et deserunt corporis facere ipsum quidem est. Id facere voluptatem amet.', '1971-11-07 04:37:16', '3', '3', '6', '3', 'Blanditiis dicta consequuntur numquam in voluptas aliquid ratione. Sed deleniti in earum commodi. Animi non id aliquam est. Harum cumque temporibus molestias amet aut laudantium.', '6', NULL);
INSERT INTO `incident` (`id`, `customer_id`, `topic`, `description`, `created_date`, `priority_id`, `group_responsible_id`, `responsible_id`, `state_id`, `decision`, `category_id`, `work_details_id`) VALUES ('37', '1', 'Id non culpa temporibus molestias blanditiis tenet', 'Hic et ad iure voluptatem provident et ut. Tempora voluptatem corporis quis alias iusto consequatur cum consequatur. Non ab occaecati nostrum cumque et sit. Aliquam est voluptatem consequatur est.', '1998-03-26 08:50:55', '1', '1', '1', '1', 'Iste cupiditate voluptatibus aut voluptates a. Amet dolor omnis velit. Unde dolor ea qui dolor dolor sint expedita.', '1', 9);
INSERT INTO `incident` (`id`, `customer_id`, `topic`, `description`, `created_date`, `priority_id`, `group_responsible_id`, `responsible_id`, `state_id`, `decision`, `category_id`, `work_details_id`) VALUES ('38', '2', 'Minima consequuntur aliquid similique sed animi te', 'Et quo labore voluptatem vero beatae a et. Aut dolor molestias autem cumque sint consequatur.', '2019-05-07 10:25:18', '2', '2', '2', '2', 'Autem autem aut placeat tempore qui. Pariatur pariatur quis odit voluptas maiores aut qui culpa. Incidunt error deserunt in ad dolorum dolorem dolore. Aut nisi dolorem culpa officia est.', '2', NULL);
INSERT INTO `incident` (`id`, `customer_id`, `topic`, `description`, `created_date`, `priority_id`, `group_responsible_id`, `responsible_id`, `state_id`, `decision`, `category_id`, `work_details_id`) VALUES ('39', '3', 'Fugiat quis cum molestiae nobis enim. Aut suscipit', 'Ex nihil quia pariatur quo velit adipisci. Reiciendis et vel fugiat et. Doloremque et aut et enim quia beatae suscipit. Dignissimos sapiente molestiae voluptas ut dignissimos reprehenderit illo voluptas.', '2006-01-28 07:13:30', '3', '3', '3', '3', 'Reiciendis ab sed enim ad quia. Et deserunt dicta expedita eos possimus. Consequatur earum omnis ratione molestias animi fugiat adipisci voluptas.', '3', NULL);
INSERT INTO `incident` (`id`, `customer_id`, `topic`, `description`, `created_date`, `priority_id`, `group_responsible_id`, `responsible_id`, `state_id`, `decision`, `category_id`, `work_details_id`) VALUES ('40', '1', 'Iure molestiae explicabo ipsum voluptatibus. Sunt ', 'Veniam asperiores sunt eos. Iste eum qui et fugiat autem unde. Sit aut ad aut ut. Eum sit non sint minima.', '2017-11-06 15:44:00', '1', '1', '4', '1', 'Architecto quaerat doloribus doloremque debitis dolores. Esse qui molestiae aspernatur dolorem delectus atque ipsum. Aspernatur nostrum atque delectus ut placeat totam voluptatem.', '4', 10);
INSERT INTO `incident` (`id`, `customer_id`, `topic`, `description`, `created_date`, `priority_id`, `group_responsible_id`, `responsible_id`, `state_id`, `decision`, `category_id`, `work_details_id`) VALUES ('41', '2', 'Reprehenderit est facilis explicabo blanditiis aut', 'Iure molestiae aspernatur aliquid dignissimos. Ullam ut repellendus nihil dolor ea dolores eos. Ut ab dolorum et sapiente. Rem sapiente molestiae aperiam commodi ea molestias.', '2019-03-17 16:53:58', '2', '2', '5', '2', 'Quidem id id suscipit dicta vero neque. Quia molestias rerum accusamus sit ut quia et. Occaecati voluptatibus et fugit. Et soluta cumque et esse nam.', '5', NULL);
INSERT INTO `incident` (`id`, `customer_id`, `topic`, `description`, `created_date`, `priority_id`, `group_responsible_id`, `responsible_id`, `state_id`, `decision`, `category_id`, `work_details_id`) VALUES ('42', '3', 'Tempore velit doloribus consequuntur et esse non. ', 'Asperiores facere rem possimus aspernatur labore atque. Hic id nulla odio fugiat dolore cumque.', '1997-01-04 07:04:22', '3', '3', '6', '3', 'Dolor nostrum voluptas accusantium sed enim voluptas aut. Et rerum ut ex sint consequuntur.', '6', NULL);
INSERT INTO `incident` (`id`, `customer_id`, `topic`, `description`, `created_date`, `priority_id`, `group_responsible_id`, `responsible_id`, `state_id`, `decision`, `category_id`, `work_details_id`) VALUES ('43', '1', 'Accusamus fugit natus quia eveniet velit consequat', 'Nihil maiores amet voluptate eius aut dignissimos aut qui. Corrupti explicabo ullam quidem ea alias autem. Voluptatem repudiandae quibusdam possimus nihil asperiores sunt fuga quo. Et animi assumenda officiis qui hic veniam. Sed in excepturi placeat dolor', '2008-06-24 22:16:30', '1', '1', '1', '1', 'Aut quisquam debitis incidunt deleniti nihil. Aliquam sint molestias labore dolor delectus reprehenderit.', '1', NULL);
INSERT INTO `incident` (`id`, `customer_id`, `topic`, `description`, `created_date`, `priority_id`, `group_responsible_id`, `responsible_id`, `state_id`, `decision`, `category_id`, `work_details_id`) VALUES ('44', '2', 'Voluptatem ut debitis distinctio veniam. Reprehend', 'Perspiciatis sed est ut velit minima consequatur dolore et. Animi eaque quia sunt. Rerum cum veniam rerum eligendi accusamus fugiat voluptates. Vel nesciunt dolorum totam optio similique.', '2001-04-07 02:55:53', '2', '2', '2', '2', 'Illum ex exercitationem repellat temporibus. Et ducimus magni tenetur voluptas similique enim. Deserunt rerum recusandae aut voluptatem est.', '2', NULL);
INSERT INTO `incident` (`id`, `customer_id`, `topic`, `description`, `created_date`, `priority_id`, `group_responsible_id`, `responsible_id`, `state_id`, `decision`, `category_id`, `work_details_id`) VALUES ('45', '3', 'Veritatis reiciendis necessitatibus eveniet velit.', 'Saepe laboriosam vel tempore pariatur omnis perferendis. Eaque modi similique dolorem. Et id suscipit cupiditate sed repellendus quia.', '1974-05-03 21:08:47', '3', '3', '3', '3', 'Laborum voluptatum perspiciatis porro. Explicabo quos nobis dolores quidem. Doloremque ut dolorem est vitae quis.', '3', NULL);
INSERT INTO `incident` (`id`, `customer_id`, `topic`, `description`, `created_date`, `priority_id`, `group_responsible_id`, `responsible_id`, `state_id`, `decision`, `category_id`, `work_details_id`) VALUES ('46', '1', 'Est soluta est voluptatum omnis ipsam quia rerum. ', 'Voluptas minima dolor non consequatur voluptas doloribus. Magnam esse dolore debitis aspernatur ratione. Quo cupiditate occaecati modi enim tenetur sapiente maxime.', '1978-10-23 05:32:31', '1', '1', '4', '1', 'Vero rerum quo incidunt. Et sunt accusamus expedita enim laudantium id dolorum quos. Quidem et ad eum alias eum non. Facere et itaque incidunt voluptate illo.', '4', NULL);
INSERT INTO `incident` (`id`, `customer_id`, `topic`, `description`, `created_date`, `priority_id`, `group_responsible_id`, `responsible_id`, `state_id`, `decision`, `category_id`, `work_details_id`) VALUES ('47', '2', 'In voluptate exercitationem amet voluptates volupt', 'Laborum ex optio aliquid et. Ab officiis aperiam ut sed blanditiis vel laboriosam. Fuga odit dolorem possimus voluptates. Laboriosam quos omnis error non incidunt.', '1972-07-26 06:02:23', '2', '2', '5', '2', 'Aperiam perspiciatis modi reprehenderit omnis dolorem eum aut. Quo dolor id et eum temporibus ut vel quibusdam. Eos optio quod et aut.', '5', NULL);
INSERT INTO `incident` (`id`, `customer_id`, `topic`, `description`, `created_date`, `priority_id`, `group_responsible_id`, `responsible_id`, `state_id`, `decision`, `category_id`, `work_details_id`) VALUES ('48', '3', 'Quod et eaque beatae error. Et quam laborum odio o', 'Non natus quia laborum perspiciatis sequi quam corporis illum. Nostrum hic aspernatur quae voluptatem perferendis. Nam enim dolorem quia hic eos eum consequatur. Praesentium vel optio qui in officiis aperiam.', '2010-09-28 02:00:42', '3', '3', '6', '3', 'Laudantium ullam et minima accusamus. Sed et dicta debitis enim adipisci. Aspernatur et quasi labore et officia dolore corrupti eum.', '6', NULL);
INSERT INTO `incident` (`id`, `customer_id`, `topic`, `description`, `created_date`, `priority_id`, `group_responsible_id`, `responsible_id`, `state_id`, `decision`, `category_id`, `work_details_id`) VALUES ('49', '1', 'Quis beatae asperiores aut nihil corrupti doloremq', 'Et debitis qui vel tenetur. Quis et omnis sed eius quas. Nihil est numquam aut mollitia.', '2006-03-08 08:02:39', '1', '1', '1', '1', 'Eos non soluta eos voluptatem et. Sed sunt consequatur nisi deleniti. Est et saepe enim officiis. Eos id asperiores dicta quaerat in delectus.', '1', NULL);
INSERT INTO `incident` (`id`, `customer_id`, `topic`, `description`, `created_date`, `priority_id`, `group_responsible_id`, `responsible_id`, `state_id`, `decision`, `category_id`, `work_details_id`) VALUES ('50', '2', 'Sint dolor quod nobis. Et maxime ut expedita archi', 'Et alias amet a laborum laudantium modi rerum. Voluptatem dolor explicabo architecto libero necessitatibus. Aut ab illum laudantium consectetur beatae.', '2000-07-16 12:20:21', '2', '2', '2', '2', 'Ut quae vel vitae ullam harum in. Fugit et est placeat. Unde iusto dolor labore consequatur veritatis iste. Hic ut occaecati magnam aliquam.', '2', NULL);
INSERT INTO `incident` (`id`, `customer_id`, `topic`, `description`, `created_date`, `priority_id`, `group_responsible_id`, `responsible_id`, `state_id`, `decision`, `category_id`, `work_details_id`) VALUES ('51', '3', 'Doloribus at iste fuga quae. Facere libero molesti', 'Consequatur minima qui non reprehenderit neque et. Aspernatur nihil qui consequuntur aliquam. Rem ratione molestiae veritatis commodi vel.', '1971-09-05 14:58:04', '3', '3', '3', '3', 'Inventore eligendi at voluptatem. Et nisi omnis dolor officia. Explicabo et sint sit et nesciunt odit similique. Ab mollitia deleniti officiis qui ullam porro.', '3', NULL);
INSERT INTO `incident` (`id`, `customer_id`, `topic`, `description`, `created_date`, `priority_id`, `group_responsible_id`, `responsible_id`, `state_id`, `decision`, `category_id`, `work_details_id`) VALUES ('52', '1', 'Voluptatem dolor autem unde dolorem fugiat volupta', 'Et sit consequuntur eos libero et dolorum beatae modi. Quia aut enim enim facere dolores voluptatem dolores. Illo voluptatem velit cupiditate dolores harum. Voluptas qui perferendis voluptatibus consectetur.', '2003-01-22 12:24:26', '1', '1', '4', '1', 'Tempore eum soluta enim libero. Veniam officiis placeat temporibus necessitatibus corrupti sunt.', '4', NULL);
INSERT INTO `incident` (`id`, `customer_id`, `topic`, `description`, `created_date`, `priority_id`, `group_responsible_id`, `responsible_id`, `state_id`, `decision`, `category_id`, `work_details_id`) VALUES ('53', '2', 'Aut unde impedit earum commodi cupiditate. Archite', 'Officiis eius eaque et voluptatum ipsam. Et qui necessitatibus recusandae quaerat dolores possimus omnis. Ut modi perferendis aut doloribus placeat laudantium illo et.', '2015-08-09 06:28:40', '2', '2', '5', '2', 'Voluptatibus vel fugiat illum necessitatibus. Quia qui recusandae in.\nUt consequatur ut quas saepe. Est sint omnis officia placeat vel non maiores. Officia debitis quia quae quia quia molestias.', '5', NULL);
INSERT INTO `incident` (`id`, `customer_id`, `topic`, `description`, `created_date`, `priority_id`, `group_responsible_id`, `responsible_id`, `state_id`, `decision`, `category_id`, `work_details_id`) VALUES ('54', '3', 'Fugiat dolorem enim magnam praesentium quae corrup', 'Laudantium in nesciunt aut. Commodi voluptates dolor non ad nesciunt dolorem rerum rerum. Neque quisquam quia ex vero omnis aut.', '1979-06-18 13:09:00', '3', '3', '6', '3', 'Voluptatum laboriosam in ut exercitationem similique omnis nobis. Quia nemo qui facilis quia nihil. Illo quis et eum et numquam.', '6', NULL);
INSERT INTO `incident` (`id`, `customer_id`, `topic`, `description`, `created_date`, `priority_id`, `group_responsible_id`, `responsible_id`, `state_id`, `decision`, `category_id`, `work_details_id`) VALUES ('55', '1', 'Vel consectetur sed optio saepe inventore distinct', 'Dolore atque occaecati ipsam deserunt voluptates sed rerum error. Illo temporibus autem et quo autem qui. Odit qui vero voluptas sint tenetur. Ut minus molestias accusamus officia consequatur qui quos et.', '1986-10-22 13:51:02', '1', '1', '1', '1', 'Ex eveniet aut ipsa est omnis voluptatem. Rerum in placeat ea. Neque nihil adipisci et non perspiciatis molestias.', '1', NULL);
INSERT INTO `incident` (`id`, `customer_id`, `topic`, `description`, `created_date`, `priority_id`, `group_responsible_id`, `responsible_id`, `state_id`, `decision`, `category_id`, `work_details_id`) VALUES ('56', '2', 'Ut fugit aut itaque dolor perferendis nulla et mod', 'Aut soluta tempore sint dolores iure sequi sint. Sit et est consectetur ab neque quam cupiditate. Id deleniti non aut amet cumque omnis sed.', '1977-07-23 23:58:18', '2', '2', '2', '2', 'Iure et fugiat aliquam aut. Sunt qui occaecati accusantium molestiae doloremque perspiciatis tempore. Sed voluptatem rerum nihil tempore iusto ducimus cupiditate. Enim similique incidunt ut quisquam.', '2', NULL);
INSERT INTO `incident` (`id`, `customer_id`, `topic`, `description`, `created_date`, `priority_id`, `group_responsible_id`, `responsible_id`, `state_id`, `decision`, `category_id`, `work_details_id`) VALUES ('57', '3', 'Perferendis qui quia aut iusto aut. Ipsum nisi sit', 'Voluptas aut praesentium omnis aut tenetur inventore. Ratione autem eligendi et sint architecto consequatur.', '1988-06-21 22:05:41', '3', '3', '3', '3', 'Error nihil ullam asperiores repellat at rerum. Dolor ipsum ab quisquam quos necessitatibus vel eum. Eligendi autem sint molestiae et similique. Ea adipisci eum cumque aut sed cum veritatis.', '3', NULL);
INSERT INTO `incident` (`id`, `customer_id`, `topic`, `description`, `created_date`, `priority_id`, `group_responsible_id`, `responsible_id`, `state_id`, `decision`, `category_id`, `work_details_id`) VALUES ('58', '1', 'Dolorem et eaque neque ipsa cumque et. Illum elige', 'Quis consequatur architecto est rerum. Ullam dignissimos ducimus et aliquid. Incidunt qui eaque error praesentium suscipit eaque. Quam velit totam dolor provident officia.', '2008-02-24 16:46:28', '1', '1', '4', '1', 'Beatae animi omnis fugiat temporibus et dicta. Est eligendi excepturi quam velit atque. Dolores quos optio qui ea. Doloremque nemo harum aut in aut.', '4', NULL);
INSERT INTO `incident` (`id`, `customer_id`, `topic`, `description`, `created_date`, `priority_id`, `group_responsible_id`, `responsible_id`, `state_id`, `decision`, `category_id`, `work_details_id`) VALUES ('59', '2', 'Nesciunt aperiam enim est. Nobis nostrum neque vel', 'Consequatur sequi incidunt dolorem consequuntur ducimus voluptate atque. Minus dolore dolorem consequuntur esse. Iste et ab saepe cupiditate facilis iusto. Quisquam et fugit at vero.', '1977-11-25 01:32:47', '2', '2', '5', '2', 'Quo quia et voluptate aut aut quis non. Consectetur cumque maiores quo tempora delectus. Nam porro officiis doloribus dolorem.', '5', NULL);
INSERT INTO `incident` (`id`, `customer_id`, `topic`, `description`, `created_date`, `priority_id`, `group_responsible_id`, `responsible_id`, `state_id`, `decision`, `category_id`, `work_details_id`) VALUES ('60', '3', 'Sequi occaecati praesentium in vel tenetur. Sit au', 'Fugit necessitatibus aspernatur ipsum aliquam cupiditate rem. Suscipit qui veritatis sit eum esse sed reiciendis delectus. Enim veritatis asperiores et unde. Quam ducimus nesciunt quibusdam nulla sed labore.', '1988-02-21 09:58:16', '3', '3', '6', '3', 'Qui eius rem natus eaque necessitatibus a. Enim provident est enim. Velit impedit commodi accusamus veritatis ut suscipit consequatur.', '6', NULL);
INSERT INTO `incident` (`id`, `customer_id`, `topic`, `description`, `created_date`, `priority_id`, `group_responsible_id`, `responsible_id`, `state_id`, `decision`, `category_id`, `work_details_id`) VALUES ('61', '1', 'Sed officia eveniet est pariatur aut. Commodi reru', 'Quidem fugiat sit debitis omnis ut. Facere id eum dolore est aut. Officiis et aliquid est vero soluta. Odit consectetur id quod voluptatem quidem tempore non similique.', '2013-06-28 10:19:06', '1', '1', '1', '1', 'Minima excepturi similique non ut aspernatur laborum et. Est qui veritatis id perferendis. In cupiditate illum omnis quis sint. Qui harum consectetur iusto magnam.', '1', NULL);
INSERT INTO `incident` (`id`, `customer_id`, `topic`, `description`, `created_date`, `priority_id`, `group_responsible_id`, `responsible_id`, `state_id`, `decision`, `category_id`, `work_details_id`) VALUES ('62', '2', 'Voluptate voluptatem quis numquam minima. Ut enim ', 'Ab eveniet ipsam est omnis tempora porro. Repudiandae exercitationem occaecati impedit architecto. Placeat nihil eum neque sit corporis reiciendis. Est eius blanditiis laboriosam.', '1981-11-14 22:22:51', '2', '2', '2', '2', 'Aliquam aut voluptatem labore et. Incidunt aut dolore sed amet iste nesciunt eligendi.', '2', NULL);
INSERT INTO `incident` (`id`, `customer_id`, `topic`, `description`, `created_date`, `priority_id`, `group_responsible_id`, `responsible_id`, `state_id`, `decision`, `category_id`, `work_details_id`) VALUES ('63', '3', 'Repudiandae neque velit eius et molestiae. Veritat', 'Vero dolorum voluptatem accusantium. Laboriosam in facere velit est quos. Accusamus similique non occaecati vero veritatis possimus molestiae.', '1996-12-18 07:37:12', '3', '3', '3', '3', 'Dicta voluptatem possimus et animi. Corrupti non non ullam veritatis in. Rerum assumenda placeat accusamus laborum eveniet. Porro officiis iure rem odit voluptatem.', '3', NULL);
INSERT INTO `incident` (`id`, `customer_id`, `topic`, `description`, `created_date`, `priority_id`, `group_responsible_id`, `responsible_id`, `state_id`, `decision`, `category_id`, `work_details_id`) VALUES ('64', '1', 'Ut omnis qui ea ducimus cupiditate quidem pariatur', 'Neque reprehenderit laboriosam sequi consequatur. Est vitae perspiciatis eos repudiandae rerum quo. Deleniti corporis quia earum totam laborum odit dolores adipisci. Magnam nam fugiat omnis est fugit dicta odio aut.', '2017-04-24 09:22:19', '1', '1', '4', '1', 'Consequatur dolor quasi odit dolorem. Dolore illo minus quia et voluptate beatae. Consequuntur assumenda non nulla. Dolor tenetur ipsum vel at perferendis.', '4', NULL);
INSERT INTO `incident` (`id`, `customer_id`, `topic`, `description`, `created_date`, `priority_id`, `group_responsible_id`, `responsible_id`, `state_id`, `decision`, `category_id`, `work_details_id`) VALUES ('65', '2', 'Velit non exercitationem vel tempora aperiam. Ut u', 'Praesentium molestiae excepturi aut dolores qui necessitatibus eum. Voluptatibus sunt possimus dicta optio. Libero veniam distinctio exercitationem est.', '2009-05-17 04:22:00', '2', '2', '5', '2', 'Voluptatem omnis hic excepturi voluptatum veniam veritatis. Consequatur quos soluta autem. Tempore impedit rerum perspiciatis temporibus illo illo. Illo qui beatae quia veniam aspernatur.', '5', NULL);
INSERT INTO `incident` (`id`, `customer_id`, `topic`, `description`, `created_date`, `priority_id`, `group_responsible_id`, `responsible_id`, `state_id`, `decision`, `category_id`, `work_details_id`) VALUES ('66', '3', 'Libero enim qui cupiditate consequatur. Est aliqui', 'Esse dolores nihil id quod. Quaerat assumenda quod molestiae vero. Pariatur quia dolor ut.', '1990-12-25 16:30:23', '3', '3', '6', '3', 'Sapiente asperiores enim distinctio incidunt eaque temporibus reprehenderit veritatis. Blanditiis labore aut et dolores. Voluptates repudiandae ut dolores eius impedit excepturi.', '6', NULL);
INSERT INTO `incident` (`id`, `customer_id`, `topic`, `description`, `created_date`, `priority_id`, `group_responsible_id`, `responsible_id`, `state_id`, `decision`, `category_id`, `work_details_id`) VALUES ('67', '1', 'Modi eveniet iusto ad facere voluptas nulla. Velit', 'Dolores autem nihil eaque cupiditate a mollitia. Perferendis inventore temporibus et quis. Id sed fugit facere in nobis qui quia fugiat.', '1993-03-11 19:48:50', '1', '1', '1', '1', 'Earum numquam molestias tempora ut ut velit. Suscipit illum ut voluptatem sit atque. Quia qui quia tempora maxime omnis. Perferendis nostrum praesentium eum.', '1', NULL);
INSERT INTO `incident` (`id`, `customer_id`, `topic`, `description`, `created_date`, `priority_id`, `group_responsible_id`, `responsible_id`, `state_id`, `decision`, `category_id`, `work_details_id`) VALUES ('68', '2', 'Deleniti consectetur eaque ut at id fugiat vitae q', 'Commodi minus et deleniti. Ab aspernatur rem numquam sed.', '1991-06-15 15:17:41', '2', '2', '2', '2', 'Veritatis nihil sunt aut fugiat nostrum voluptatum. Aut illum distinctio id sunt. Amet voluptates impedit architecto ipsam praesentium doloribus. Quia iusto molestias possimus ullam alias nemo.', '2', NULL);
INSERT INTO `incident` (`id`, `customer_id`, `topic`, `description`, `created_date`, `priority_id`, `group_responsible_id`, `responsible_id`, `state_id`, `decision`, `category_id`, `work_details_id`) VALUES ('69', '3', 'Minima eum veritatis qui nesciunt sit. Quia distin', 'Et nostrum alias voluptas voluptas non aut. Ipsa aut fugiat dolores debitis pariatur impedit possimus tenetur. At labore voluptatibus odio recusandae reprehenderit.', '2008-12-02 04:42:59', '3', '3', '3', '3', 'Provident dolorem ut perspiciatis aut quis et. Ut vel officia voluptas quas. Sunt consequuntur voluptas exercitationem minus dicta non. Porro cum ut aspernatur unde velit ab et.', '3', NULL);
INSERT INTO `incident` (`id`, `customer_id`, `topic`, `description`, `created_date`, `priority_id`, `group_responsible_id`, `responsible_id`, `state_id`, `decision`, `category_id`, `work_details_id`) VALUES ('70', '1', 'Iusto consequatur explicabo reprehenderit cum labo', 'Sunt ut nulla aut blanditiis labore. Ea eos quae velit. Cum omnis molestias voluptas voluptatem similique autem.', '2002-03-17 21:28:57', '1', '1', '4', '1', 'Nostrum sed molestiae qui aut sequi quibusdam. Optio veritatis ipsa libero hic ipsum eum assumenda. Provident blanditiis unde ut at autem accusantium.', '4', NULL);
INSERT INTO `incident` (`id`, `customer_id`, `topic`, `description`, `created_date`, `priority_id`, `group_responsible_id`, `responsible_id`, `state_id`, `decision`, `category_id`, `work_details_id`) VALUES ('71', '2', 'Eos amet reprehenderit cumque amet eveniet. Quis e', 'Et placeat similique velit sit. Quia aliquid dolorem numquam eos. Exercitationem fugit consequuntur enim architecto inventore aut.', '2011-02-12 09:57:16', '2', '2', '5', '2', 'Ex praesentium vero optio voluptatem. Ipsum alias non perferendis rerum ad. Aspernatur qui delectus quos provident.', '5', NULL);
INSERT INTO `incident` (`id`, `customer_id`, `topic`, `description`, `created_date`, `priority_id`, `group_responsible_id`, `responsible_id`, `state_id`, `decision`, `category_id`, `work_details_id`) VALUES ('72', '3', 'Rerum sed odio in doloribus quaerat ipsum. Magnam ', 'Qui porro assumenda rerum. Est nobis dignissimos expedita aliquid iure tempore voluptas.', '2000-12-06 20:45:18', '3', '3', '6', '3', 'Consequuntur sint labore ipsum placeat. Praesentium ut voluptatem ut maiores rerum iusto hic.', '6', NULL);
INSERT INTO `incident` (`id`, `customer_id`, `topic`, `description`, `created_date`, `priority_id`, `group_responsible_id`, `responsible_id`, `state_id`, `decision`, `category_id`, `work_details_id`) VALUES ('73', '1', 'Non et molestiae veniam. Qui ex aut ut rerum. Quo ', 'Asperiores magni explicabo maxime numquam corrupti temporibus. Qui rerum quis velit quod ut. Amet nemo eius veritatis qui ut iure. Reiciendis nisi modi minima et consectetur deserunt culpa est.', '2001-03-27 04:22:50', '1', '1', '1', '1', 'Ut aut aut aperiam molestias provident nulla ut. Iste est cupiditate nam dolores. Possimus nisi dolor aspernatur voluptatem sit officiis. Voluptatem maxime et ut inventore.', '1', NULL);
INSERT INTO `incident` (`id`, `customer_id`, `topic`, `description`, `created_date`, `priority_id`, `group_responsible_id`, `responsible_id`, `state_id`, `decision`, `category_id`, `work_details_id`) VALUES ('74', '2', 'Totam sit eius aliquid qui maxime et. Dolores nam ', 'Quo libero velit nihil vero omnis. Mollitia ea reprehenderit distinctio fugiat nihil consequatur accusamus. Ut vel sequi labore accusamus. Nostrum eius voluptatem quia molestiae eum et.', '2001-12-05 23:12:58', '2', '2', '2', '2', 'Omnis repudiandae maxime saepe fugiat et aut. Eos ipsum aspernatur velit doloremque velit enim.', '2', NULL);
INSERT INTO `incident` (`id`, `customer_id`, `topic`, `description`, `created_date`, `priority_id`, `group_responsible_id`, `responsible_id`, `state_id`, `decision`, `category_id`, `work_details_id`) VALUES ('75', '3', 'Consequuntur sed cum voluptate quam recusandae. Sa', 'Corrupti ratione dolores enim vel. Optio dolorem nihil quia sapiente omnis fuga soluta. Blanditiis et facilis architecto et odit. Repellendus occaecati eligendi odio eius quibusdam.', '1988-05-10 22:06:02', '3', '3', '3', '3', 'Nesciunt suscipit maiores nostrum non ut. Occaecati sequi quia dicta veritatis similique impedit aut ut. Reprehenderit officiis consequatur id asperiores aperiam.', '3', NULL);
INSERT INTO `incident` (`id`, `customer_id`, `topic`, `description`, `created_date`, `priority_id`, `group_responsible_id`, `responsible_id`, `state_id`, `decision`, `category_id`, `work_details_id`) VALUES ('76', '1', 'Animi sint voluptate et. Non aspernatur laudantium', 'Vero deserunt odio officia quae est placeat. Voluptatum nam nihil libero sed. Qui sed dicta et explicabo non pariatur. Aut nihil reprehenderit quaerat.', '2015-04-30 18:04:57', '1', '1', '4', '1', 'Quos ut atque optio repellat. Asperiores laborum quas consequuntur totam magni quidem quam corporis. Quisquam quia enim quaerat quae possimus officia.', '4', NULL);
INSERT INTO `incident` (`id`, `customer_id`, `topic`, `description`, `created_date`, `priority_id`, `group_responsible_id`, `responsible_id`, `state_id`, `decision`, `category_id`, `work_details_id`) VALUES ('77', '2', 'Molestias molestias qui cumque non qui. Ut corrupt', 'Quibusdam similique eum neque nesciunt odit. Ea nulla at consequatur necessitatibus autem. Nostrum quia saepe nobis asperiores occaecati consequatur. Voluptatem eligendi dolores inventore voluptatem.', '1973-05-21 07:31:44', '2', '2', '5', '2', 'Praesentium neque sit ipsum distinctio. Officia ea non ea similique nulla. Quis est neque adipisci quae.', '5', NULL);
INSERT INTO `incident` (`id`, `customer_id`, `topic`, `description`, `created_date`, `priority_id`, `group_responsible_id`, `responsible_id`, `state_id`, `decision`, `category_id`, `work_details_id`) VALUES ('78', '3', 'Quaerat qui deserunt nihil temporibus voluptatem. ', 'Eum minima quaerat deserunt aspernatur excepturi incidunt quam. Quia possimus expedita placeat. Assumenda ducimus sed culpa nostrum omnis est.', '2017-12-16 01:18:55', '3', '3', '6', '3', 'Vel alias tempore quo consequatur corrupti. Autem recusandae reprehenderit aliquam harum.', '6', NULL);
INSERT INTO `incident` (`id`, `customer_id`, `topic`, `description`, `created_date`, `priority_id`, `group_responsible_id`, `responsible_id`, `state_id`, `decision`, `category_id`, `work_details_id`) VALUES ('79', '1', 'Aut nihil culpa qui sit vitae aut vero eveniet. Et', 'Autem ut repellendus sunt qui quo. Et magnam in aperiam vero. Rerum blanditiis reprehenderit laboriosam recusandae temporibus. Nesciunt earum cum deserunt sapiente iusto.', '1999-09-05 02:28:33', '1', '1', '1', '1', 'Possimus nam atque libero quas iusto eaque et. Aliquam et et minima impedit. Accusantium a non qui voluptatum quibusdam et. Facilis impedit repudiandae sed eum aut minima iste.', '1', NULL);
INSERT INTO `incident` (`id`, `customer_id`, `topic`, `description`, `created_date`, `priority_id`, `group_responsible_id`, `responsible_id`, `state_id`, `decision`, `category_id`, `work_details_id`) VALUES ('80', '2', 'Nostrum ut praesentium saepe libero magni quidem a', 'Numquam et soluta ex rerum et. Incidunt ut quaerat vero consectetur eligendi totam non est. Minima sunt et molestiae laudantium. Incidunt eveniet aliquid eaque et autem officia quam.', '1971-04-24 02:53:49', '2', '2', '2', '2', 'Unde accusantium velit libero magnam voluptates perspiciatis deserunt. Et adipisci quibusdam sit laborum. Et architecto qui adipisci voluptatibus. Itaque velit aut optio eum dolores.', '2', NULL);
INSERT INTO `incident` (`id`, `customer_id`, `topic`, `description`, `created_date`, `priority_id`, `group_responsible_id`, `responsible_id`, `state_id`, `decision`, `category_id`, `work_details_id`) VALUES ('81', '3', 'Veniam et possimus quisquam culpa. Consequuntur ut', 'Ea quis cum nulla id voluptatem. Ab veritatis vitae cum et laborum sequi ut. Rerum fugit et voluptatibus tempore voluptas itaque. Ab commodi aspernatur omnis in praesentium.', '1985-05-12 21:35:49', '3', '3', '3', '3', 'Quo esse velit fugit fugiat qui ex. Expedita cum et nulla voluptate. Ullam ipsam consequatur consequatur ratione tenetur minus in quam.', '3', NULL);
INSERT INTO `incident` (`id`, `customer_id`, `topic`, `description`, `created_date`, `priority_id`, `group_responsible_id`, `responsible_id`, `state_id`, `decision`, `category_id`, `work_details_id`) VALUES ('82', '1', 'Aut neque doloribus ut omnis iusto odit. Facere ni', 'Occaecati nam iusto dolorem omnis blanditiis nam. Ipsum sequi ut qui. Enim incidunt atque quam quia. Quia tempore harum similique hic ab.', '2010-06-28 23:57:21', '1', '1', '4', '1', 'Pariatur qui velit itaque modi aspernatur quas quaerat quae. Perferendis qui sunt est nostrum eligendi voluptas rerum placeat. Velit ut perferendis aut reiciendis.', '4', NULL);
INSERT INTO `incident` (`id`, `customer_id`, `topic`, `description`, `created_date`, `priority_id`, `group_responsible_id`, `responsible_id`, `state_id`, `decision`, `category_id`, `work_details_id`) VALUES ('83', '2', 'Nemo aut at consequatur. Doloribus eaque tempora a', 'Molestiae repellat reiciendis adipisci atque. Dolorem aut ducimus numquam recusandae nesciunt. Iure sed vel qui sit provident voluptates. Ut qui deserunt dignissimos hic vero enim fugit asperiores. Delectus itaque facere enim omnis repellat commodi nam.', '1992-05-29 01:46:50', '2', '2', '5', '2', 'Aut temporibus aut quo exercitationem vitae. Ut eum laborum eos labore et autem autem delectus. Ipsa veritatis non ut mollitia et error aut.', '5', NULL);
INSERT INTO `incident` (`id`, `customer_id`, `topic`, `description`, `created_date`, `priority_id`, `group_responsible_id`, `responsible_id`, `state_id`, `decision`, `category_id`, `work_details_id`) VALUES ('84', '3', 'Rem ea vero voluptatem dolores vel. Eius error vol', 'Aliquam adipisci vel laboriosam. Minima labore excepturi modi consequatur. Laudantium et veniam est itaque rem dolores.', '1980-01-28 13:55:15', '3', '3', '6', '3', 'Ut unde temporibus minus. Aut quod sint ut. Sapiente pariatur illo aut ab voluptate. Et dolores est vel quidem earum quisquam.', '6', NULL);
INSERT INTO `incident` (`id`, `customer_id`, `topic`, `description`, `created_date`, `priority_id`, `group_responsible_id`, `responsible_id`, `state_id`, `decision`, `category_id`, `work_details_id`) VALUES ('85', '1', 'Quia recusandae et possimus quidem quas. Autem dis', 'Quam sequi voluptas voluptatum aut. Facilis in quia itaque repellendus facilis. Qui provident dicta nobis voluptatem ducimus illo sed distinctio. Autem rerum omnis labore dolore ex laboriosam.', '1984-05-13 08:28:36', '1', '1', '1', '1', 'Alias rerum porro doloremque qui earum. Quis ipsum qui dolore esse. Et officia dignissimos vel. Sint ipsam eum et autem non repellendus non recusandae.', '1', NULL);
INSERT INTO `incident` (`id`, `customer_id`, `topic`, `description`, `created_date`, `priority_id`, `group_responsible_id`, `responsible_id`, `state_id`, `decision`, `category_id`, `work_details_id`) VALUES ('86', '2', 'Et magni nobis qui. Minus dolor sit sit eos. Qui n', 'Aut praesentium quisquam voluptatem rem. Eaque incidunt omnis quisquam voluptates sint ab molestias.', '2001-01-25 17:42:42', '2', '2', '2', '2', 'Quis officiis dolore aspernatur veniam quam quod ut. Debitis et libero voluptas. Sed repellendus repellendus laboriosam provident.', '2', NULL);
INSERT INTO `incident` (`id`, `customer_id`, `topic`, `description`, `created_date`, `priority_id`, `group_responsible_id`, `responsible_id`, `state_id`, `decision`, `category_id`, `work_details_id`) VALUES ('87', '3', 'Nihil et est a dolor provident. Doloribus est eos ', 'Maiores rerum dolores cupiditate omnis debitis ut nam. Repellat sint deserunt natus asperiores ut voluptas. Voluptas vel voluptatibus ducimus et laborum voluptas temporibus nam.', '1980-03-20 20:06:15', '3', '3', '3', '3', 'Accusantium voluptas placeat fugiat et et eum in. Nihil eaque harum repellendus commodi earum sunt. Enim beatae minima distinctio ipsum iste.', '3', NULL);
INSERT INTO `incident` (`id`, `customer_id`, `topic`, `description`, `created_date`, `priority_id`, `group_responsible_id`, `responsible_id`, `state_id`, `decision`, `category_id`, `work_details_id`) VALUES ('88', '1', 'Laboriosam rerum minima quam voluptate impedit aut', 'Molestias consequatur suscipit ut est dolorem autem. Qui reprehenderit ullam totam laboriosam reprehenderit perferendis qui. Dolores ipsa doloribus non aperiam. Voluptatem et aliquid ut accusamus itaque corporis ut.', '1972-06-16 15:03:00', '1', '1', '4', '1', 'Est cupiditate aut repudiandae quia libero. Tempore dolores eos et voluptas. Eaque repellendus aliquid ut laboriosam dolorem voluptatum. Voluptatum natus dolor dolor velit a harum.', '4', NULL);
INSERT INTO `incident` (`id`, `customer_id`, `topic`, `description`, `created_date`, `priority_id`, `group_responsible_id`, `responsible_id`, `state_id`, `decision`, `category_id`, `work_details_id`) VALUES ('89', '2', 'Culpa aperiam mollitia expedita ea veniam qui. Est', 'Aut aperiam voluptatibus perferendis ut. Est voluptatem soluta cumque doloribus delectus rem ipsum. Ratione dignissimos fugit architecto a sed. A odio doloribus minima eligendi laborum qui impedit.', '1970-12-04 11:00:23', '2', '2', '5', '2', 'Saepe consequatur possimus quaerat excepturi eos. Sit amet dolor sed maxime sit. Quidem nostrum voluptates et.', '5', NULL);
INSERT INTO `incident` (`id`, `customer_id`, `topic`, `description`, `created_date`, `priority_id`, `group_responsible_id`, `responsible_id`, `state_id`, `decision`, `category_id`, `work_details_id`) VALUES ('90', '3', 'Quia fugit magni assumenda illum ad iste. Ad aut l', 'Nihil pariatur itaque dicta minus quia quia. Tempore aut aspernatur aliquid qui earum quo quia. Impedit aut nostrum accusantium ut dolor delectus dignissimos.', '1972-09-10 02:50:18', '3', '3', '6', '3', 'Voluptas sed cum nostrum hic dolorem. Perferendis autem repellendus eius architecto. Rerum expedita omnis pariatur. Eos harum dignissimos ut et aut dolorem.', '6', NULL);
INSERT INTO `incident` (`id`, `customer_id`, `topic`, `description`, `created_date`, `priority_id`, `group_responsible_id`, `responsible_id`, `state_id`, `decision`, `category_id`, `work_details_id`) VALUES ('91', '1', 'Quia enim natus ut adipisci laborum aut facilis. A', 'Commodi et rerum ea excepturi laboriosam quis distinctio voluptatem. Labore saepe odit aliquid natus qui. Pariatur dolor et voluptatum aperiam hic. Asperiores deleniti illo impedit in.', '2008-09-01 08:43:12', '1', '1', '1', '1', 'A in illum possimus consequuntur quidem alias deleniti. Earum qui officiis assumenda et expedita. Quia aliquid qui molestiae et tenetur sequi. Fuga expedita debitis sed quia magnam.', '1', NULL);
INSERT INTO `incident` (`id`, `customer_id`, `topic`, `description`, `created_date`, `priority_id`, `group_responsible_id`, `responsible_id`, `state_id`, `decision`, `category_id`, `work_details_id`) VALUES ('92', '2', 'Sapiente perferendis nemo ullam quas. Et veritatis', 'Suscipit aut dolore ipsum magni. Est vel sit quisquam. Eveniet nam sapiente labore similique aut. Dolores consectetur autem quidem.', '2017-09-16 16:41:44', '2', '2', '2', '2', 'Quis voluptatem nemo fugit. Iure quia laudantium atque autem. Non sint quam id saepe non rerum quis.', '2', NULL);
INSERT INTO `incident` (`id`, `customer_id`, `topic`, `description`, `created_date`, `priority_id`, `group_responsible_id`, `responsible_id`, `state_id`, `decision`, `category_id`, `work_details_id`) VALUES ('93', '3', 'Rerum neque in a ducimus fuga est inventore. Quide', 'Nesciunt id dolores est rerum id ut. Facere fugit dolores officiis sequi.', '2013-03-20 17:39:47', '3', '3', '3', '3', 'Cumque eaque beatae enim sunt ut praesentium. Nam accusantium laboriosam rerum earum exercitationem. Et quo quae impedit et consectetur sint perferendis.', '3', NULL);
INSERT INTO `incident` (`id`, `customer_id`, `topic`, `description`, `created_date`, `priority_id`, `group_responsible_id`, `responsible_id`, `state_id`, `decision`, `category_id`, `work_details_id`) VALUES ('94', '1', 'Earum id aut quidem et blanditiis reiciendis. Et m', 'Aut et ab ipsa ea sint. Vitae qui beatae qui. Eveniet voluptatibus dignissimos tempora iste facere. Vel officiis asperiores eaque necessitatibus ullam voluptatem. Accusantium vitae eaque inventore ut nam.', '1997-10-11 03:06:32', '1', '1', '4', '1', 'Unde magnam eos doloribus delectus dicta consequatur iste. Repudiandae earum corrupti consequuntur ex velit commodi. Ea ducimus similique sit possimus ut sunt doloremque rerum.', '4', NULL);
INSERT INTO `incident` (`id`, `customer_id`, `topic`, `description`, `created_date`, `priority_id`, `group_responsible_id`, `responsible_id`, `state_id`, `decision`, `category_id`, `work_details_id`) VALUES ('95', '2', 'Natus sed tempora ea illo illo. Aut sed magni nece', 'Est corporis voluptate et. Et odio iure quae a. Harum expedita eum rerum delectus laborum.', '1970-03-17 18:53:07', '2', '2', '5', '2', 'Dolores dolor consequuntur ducimus vel consequuntur ut aut. Natus molestiae recusandae sint ab. Quas et facilis fugiat pariatur eligendi.', '5', NULL);
INSERT INTO `incident` (`id`, `customer_id`, `topic`, `description`, `created_date`, `priority_id`, `group_responsible_id`, `responsible_id`, `state_id`, `decision`, `category_id`, `work_details_id`) VALUES ('96', '3', 'Et placeat itaque nam culpa magni dicta. Sunt est ', 'Fugit ullam rem nobis consectetur. Eum est provident corporis amet ipsum. Vero delectus fugiat est ea.', '2007-07-31 16:26:44', '3', '3', '6', '3', 'Et incidunt voluptate et molestiae incidunt. At atque quas ut.', '6', NULL);
INSERT INTO `incident` (`id`, `customer_id`, `topic`, `description`, `created_date`, `priority_id`, `group_responsible_id`, `responsible_id`, `state_id`, `decision`, `category_id`, `work_details_id`) VALUES ('97', '1', 'Sint laudantium illo animi sed in asperiores. Dolo', 'Et possimus enim eos quasi qui eveniet. Voluptatem fugiat laboriosam quia cum. Tempore at commodi reiciendis.', '1999-12-07 09:17:44', '1', '1', '1', '1', 'Ipsam nesciunt est deleniti. Sint pariatur nam aut ut non suscipit. Earum rerum illum error.', '1', NULL);
INSERT INTO `incident` (`id`, `customer_id`, `topic`, `description`, `created_date`, `priority_id`, `group_responsible_id`, `responsible_id`, `state_id`, `decision`, `category_id`, `work_details_id`) VALUES ('98', '2', 'Est eaque in repellendus occaecati. Vitae accusamu', 'Dolore esse porro voluptatem ut commodi dolorem. Dolores unde aperiam eveniet ab quisquam delectus. Incidunt tempora aut tempora odit quis.', '2004-03-03 08:57:49', '2', '2', '2', '2', 'Praesentium velit repudiandae quidem consequatur. Et minima illum sint debitis autem ex. Et et sit nihil numquam.', '2', NULL);
INSERT INTO `incident` (`id`, `customer_id`, `topic`, `description`, `created_date`, `priority_id`, `group_responsible_id`, `responsible_id`, `state_id`, `decision`, `category_id`, `work_details_id`) VALUES ('99', '3', 'Cupiditate enim quidem commodi sed. Ut qui pariatu', 'Rerum ut consequatur est. Dicta et quia quia labore incidunt. Distinctio molestiae eligendi laborum veniam commodi. Sit dolorum quis saepe velit et quaerat dolorem.', '1997-11-07 01:18:35', '3', '3', '3', '3', 'Consequatur ab dolores magni et. Soluta nihil et laborum et velit.', '3', NULL);
INSERT INTO `incident` (`id`, `customer_id`, `topic`, `description`, `created_date`, `priority_id`, `group_responsible_id`, `responsible_id`, `state_id`, `decision`, `category_id`, `work_details_id`) VALUES ('100', '1', 'Facilis neque ab nisi impedit quia iste. Sed sed a', 'Rerum porro odio est dolor. Reprehenderit veniam quidem est quidem vel deserunt. Aliquid ut temporibus amet quo eius quisquam.', '2019-06-17 10:34:35', '1', '1', '4', '1', 'Eum aspernatur culpa sed. Facilis est vel ea nihil illum dolorem. Aut quis ipsum expedita est non. Fugit vel optio laudantium deserunt corrupti pariatur.', '4', NULL);


